{
  "parkur1": [
    [-35.363171, 149.165237],
    [-35.3631992, 149.1652646],
    [-35.3631774, 149.1651694],
    [-35.3631412, 149.1652646]
  ],
  "parkur2": [
    [-35.3631, 149.165237],
    [-35.3630776, 149.165237],
    [-35.3630552, 149.165237],
    [-35.3630126, 149.165237]
  ],
  "parkur3": [[-35.362966, 149.165237]],
  "target_color": "GREEN"
}
