{
    "parkur1": [
        [
            36.88838,
            30.67384
        ],
        [
            36.88848,
            30.67394
        ],
        [
            36.88838,
            30.67404
        ]
    ],
    "parkur2": [
        [
            36.88818,
            30.67394
        ],
        [
            36.88808,
            30.67404
        ]
    ],
    "parkur3": [
        [
            36.88828,
            30.67414
        ]
    ],
    "target_color": "RED"
}